{"scoring":null,"notes":"","legend":"In ICPCCamp, there are $n$ cities and $m$ (bidirectional) roads between cities.\r\nThe $i$-th road is between the $a_i$-th city and the $b_i$-th city.\r\nThere may be roads connecting a citie to itself and multiple roads between the same pair of cities.\r\n\r\nBobo has $q$ travel plans. \r\nThe $i$-th plan is to travel from the $u_i$-th city to the $v_i$-th city.\r\nHe would like to know the smallest number of roads needed to travel for each plan.\r\nIt is guaranteed that cities are connected.","authorLogin":"ftiasch","language":"english","timeLimit":2000,"output":"$n$ lines with integers $l_1, l_2, \\dots, l_n$. \r\n$l_i$ denotes the smallest number of roads travelling from city $u_i$ to city $v_i$. ","inputFile":"stdin","outputFile":"stdout","input":"The first line contains $3$ integers $n, m, q$ ($1 \\leq n \\leq 10^5, 0 < m - n < 100, 1 \\leq q \\leq 10^5$). \r\n\r\nThe $i$-th of the following $m$ lines contains $2$ integers $a_i, b_i$ ($1 \\leq a_i, b_i \\leq n$). \r\n\r\nThe $i$-th of the last $q$ lines contains $2$ integers $u_i, v_i$ ($1 \\leq u_i, v_i \\leq n$). ","authorName":"Xiaoxu Guo","sampleTests":[{"output":"0\r\n1\r\n2\r\n","input":"4 5 3\r\n1 2\r\n1 3\r\n1 4\r\n2 3\r\n3 4\r\n2 2\r\n2 3\r\n2 4\r\n"},{"output":"0\r\n","input":"1 2 1\r\n1 1\r\n1 1\r\n1 1\r\n"}],"name":"Floyd-Warshall","interaction":null,"memoryLimit":1073741824,"tutorial":""}