{"scoring":null,"notes":"","legend":"Bobo has a point $p$ and a cube $C$ in $3$-dimension space.\r\nThe point locates at coordinate $(x_0, y_0, z_0)$, \r\nwhile $$C = \\{(x, y, z) : x_1 \\leq x \\leq x_2, y_1 \\leq y \\leq y_2, z_1 \\leq z \\leq z_2\\}.$$\r\n\r\nBobo would like to find another point $q$ which locates inside or on the surface of the cube $C$ so that the square distance between point $p$ and $q$ is minimized.\r\n\r\nNote that the square distance between point $(x, y, z)$ and $(x', y', z')$ is $(x - x')^2 + (y - y')^2 + (z - z')^2$.","authorLogin":"ftiasch","language":"english","timeLimit":1000,"output":"An integer denotes the minimum square distance.","inputFile":"stdin","outputFile":"stdout","input":"The first line contains $3$ integers $x_0, y_0, z_0$.\r\n\r\nThe second line contains $3$ integers $x_1, y_1, z_1$.\r\n\r\nThe third line contains $3$ integers $x_2, y_2, z_2$.\r\n\r\n($|x_i|, |y_i|, |z_i| \\leq 10^4, x_1 < x_2, y_1 < y_2, z_1 < z_2$)","authorName":"Xiaoxu Guo","sampleTests":[{"output":"3\r\n","input":"0 0 0\r\n1 1 1\r\n2 2 2\r\n"},{"output":"0\r\n","input":"1 1 1\r\n0 0 0\r\n2 2 2\r\n"}],"name":"Nearest Neighbor Search","interaction":null,"memoryLimit":1073741824,"tutorial":""}