{"scoring":null,"notes":"In the first sample, there are $3$ possibilities for Bobo.\r\n\\begin{itemize}\r\n\\item He buys the first item and uses both bundles.\r\n\\item He buys the second item and uses the second bundle solely.\r\n\\item He buys both items and uses the first bundle.\r\n\\end{itemize}\r\n\r\nTherefore, $d_1 = 3, d_2 = 2, d_3 = 1$ and $d_1^2 + d_2^2 + d_3^2 = 14$.","legend":"In the store of ICPCCamp, there are $n$ items to be sold with $m$ bundles offered.\r\n\r\nThe $i$-th bundle is described by $c_i$ and $k_i$ \\textbf{distinct} integers $a_{i, 1}, a_{i, 2}, \\dots, a_{i, k_i}$.\r\nIt means that one gets $c_i$ dollars discount if among the $a_{i, 1}, a_{i, 2}, \\dots, a_{i, k_i}$-th items, he buys exactly odd number of them. Bundles can be combined.\r\n\r\nBobo wants to buy a non-empty subset of the items.\r\nIt is clear there are $(2^n - 1)$ different sets for him.\r\nFind out $(d_1^2 + d_2^2 + \\dots + d_{2^n - 1}^2)$ modulo $(10^9+7)$ where $d_i$ is the sum of discount for the $i$-th set.","authorLogin":"ftiasch","language":"english","timeLimit":1000,"output":"An integer denotes $(d_1^2+d_2^2+\\dots+d_{2^n-1}^2)$ modulo $(10^9+7)$.","inputFile":"stdin","outputFile":"stdout","input":"The first line contains $2$ integers $n, m$ ($1 \\leq n \\leq 20, 1 \\leq m \\leq 10^5$). \r\n\r\nThe $i$-th of the following $m$ lines contains integers $c_i, k_i$, followed by $k_i$ integers $a_{i, 1}, a_{i, 2}, \\dots, a_{i, k_i}$ ($1 \\leq c_i \\leq 10^4, 1 \\leq a_{i, 1}, a_{i, 2}, \\dots, a_{i, k_i} \\leq n$). ","authorName":"Xiaoxu Guo","sampleTests":[{"output":"14\r\n","input":"2 2\r\n1 1 1\r\n2 2 1 2\r\n"},{"output":"1\r\n","input":"1 1\r\n1 1 1\r\n"}],"name":"Odd Discount","interaction":null,"memoryLimit":1073741824,"tutorial":""}