{"scoring":null,"notes":"In the first sample, Bobo can only buy a item with value $1, 3$ or $4$ without making change.","legend":"In ICPCCamp, people usually use coins of value $1, 2, 3$. \r\n\r\nBobo was very poor, he had only $a_1, a_2, a_3$ coins of value $1, 2, 3$, respectively.\r\nHe bought an item of an unknown value \\textbf{without making change}.\r\n\r\nThe unknown item was of positive integral value. \r\nFind out the number of possible values of it.\r\n","authorLogin":"ftiasch","language":"english","timeLimit":1000,"output":"An integer denotes the number of possible values of the unknown item.","inputFile":"stdin","outputFile":"stdout","input":"$3$ integers $a_1, a_2, a_3$ ($0 \\leq a_1, a_2, a_3 \\leq 10^9$). ","authorName":"Xiaoxu Guo","sampleTests":[{"output":"3\r\n","input":"1 0 1\r\n"},{"output":"0\r\n","input":"0 0 0\r\n"}],"name":"Coins","interaction":null,"memoryLimit":1073741824,"tutorial":""}