{"scoring":null,"notes":"","legend":"In ICPCCamp, there is a chessboard with $n$ rows and $m$ columns.\r\n\r\nBobo places $k$ distinguishable queens in $k$ different cells on the chessboard. \r\nThere are $t = \\binom{n \\times m}{k}$ different configurations\r\nwhere $$\\binom{n}{k} = \\frac{n(n - 1)\\dots (n - k + 1)}{k(k - 1)(k - 2)\\dots 1}.$$\r\n\r\nIf $c_i$ is the number of cells attacked by at least one queen in the $i$-th configuration,\r\nfind out $(c_1 + c_2 + \\dots + c_t)$ modulo $(10^9+7)$.\r\n\r\nNote that a queen can attack all cells in the same row, column and diagonal including the cell she stands on. ","authorLogin":"ftiasch","language":"english","timeLimit":2000,"output":"An integer denotes $(c_1 + c_2 + \\dots + c_{t})$ modulo $(10^9+7)$.","inputFile":"stdin","outputFile":"stdout","input":"$3$ integers $n, m, k$ ($1 \\leq n, m \\leq 10^9, 1 \\leq k \\leq \\min\\{n \\times m, 8\\}$). ","authorName":"Xiaoxu Guo","sampleTests":[{"output":"24\r\n","input":"2 2 2\r\n"},{"output":"723759469\r\n","input":"8 8 8\r\n"}],"name":"Eight Queens","interaction":null,"memoryLimit":1073741824,"tutorial":""}