{"scoring":null,"notes":"","legend":"Bobo is tired of all kinds of hard LIS (Longest Increasing Subsequence) problems,\r\nso he decides to make himself some easier one.\r\n\r\nBobo wants to build a sequence of integers $\\{x_1, x_2, \\dots, x_n\\}$,\r\nwhere $x_i$ lies in the range $[a_i, b_i]$ (that is, $a_i \\leq x_i \\leq b_i$). \r\n\r\nLet $\\mathrm{LIS}(X)$ be the length of longest increasing subsequence of $\\{x_1, x_2, \\dots, x_n\\}$.\r\nIt's clear that $1 \\leq \\mathrm{LIS}(X) \\leq n$. \r\nBobo would like to find $g_k$ which is the number of sequences whose $\\mathrm{LIS}(X) = k$ for $k = 1, 2, \\dots, n$.\r\n\r\nNote that a sequence $\\{i_1, i_2, \\dots, i_k\\}$ is a increasing sequence of $\\{a_1, a_2, \\dots, a_n\\}$ only if:\r\n\\begin{itemize}\r\n\\item $1 \\leq i_1 < i_2 < \\dots < i_k \\leq n$\r\n\\item $a_{i_1} < a_{i_2} < \\dots < a_{i_k}$\r\n\\end{itemize}\r\n","authorLogin":"ftiasch","language":"english","timeLimit":1000,"output":"$n$ integers $g_1, g_2, \\dots, g_n$.","inputFile":"stdin","outputFile":"stdout","input":"The first line contains an integer $n$ ($1 \\leq n \\leq 5$). \r\n\r\nThe $i$-th of the following $n$ lines contains $2$ integers $a_i, b_i$ ($1 \\leq a_i \\leq b_i \\leq 10^3$). ","authorName":"Xiaoxu Guo","sampleTests":[{"output":"3 1\r\n","input":"2\r\n1 2\r\n1 2\r\n"},{"output":"0 0 1\r\n","input":"3\r\n1 1\r\n2 2\r\n3 3\r\n"}],"name":"Longest Increasing Subsequence","interaction":null,"memoryLimit":1073741824,"tutorial":""}