{"scoring":null,"notes":"","legend":"Bobo is studying the history of roads in ICPCCamp.\r\nIn ICPCCamp, there are $n$ cities with $m$ bidirectional roads.\r\nThe $i$-th road connects the $a_i$-th and $b_i$-th cities.\r\n\r\nThere were no roads initially.\r\nEventually, roads were built in the order $1, 2, \\dots m$. \r\n \r\nBobo would like to know the number of pairs of cities which allow an \\textit{odd drive} after the $i$-th road was built.\r\nAn \\textit{odd drive} between cities $u$ and $v$ is possible only if there exists $v_1, v_2, \\dots, v_{2k}$ for some positive integers $k$ such that $v_1 = u, v_{2k} = v$ and there is a road connecting cities $v_i$ and $v_{i + 1}$. Passing by a city more than once is allowed. ","authorLogin":"ftiasch","language":"english","timeLimit":1000,"output":"$m$ lines with integers $w_1, w_2, \\dots, w_m$ where $w_i$ denotes the number of pairs allowing an odd drive after the $i$-th road was built.","inputFile":"stdin","outputFile":"stdout","input":"The first line contains $2$ integers $n, m$ ($1 \\leq n, m \\leq 10^5$). \r\n\r\nThe $i$-th of the following $m$ lines contains $2$ integers $a_i, b_i$ ($1 \\leq a_i, b_i \\leq n$). ","authorName":"Xiaoxu Guo","sampleTests":[{"output":"1\r\n2\r\n3\r\n","input":"3 3\r\n1 2\r\n2 3\r\n3 1\r\n"},{"output":"1\r\n2\r\n4\r\n","input":"4 3\r\n1 2\r\n3 4\r\n2 3\r\n"}],"name":"Road History","interaction":null,"memoryLimit":1073741824,"tutorial":""}