{"scoring":null,"notes":"","legend":"Bobo has a matrix of $n$ rows and $n$ columns.\r\nThe rows are numbered by $0, 1, \\dots, (n - 1)$ from top to bottom,\r\nand the columns are numbered by $0, 1, \\dots, (n - 1)$ from left to right.\r\nThe cell in the intersection of the $i$-th row and the $j$-th column is denoted as $(i, j)$.\r\nFor each cell $(i, j)$, there is a number $i \\times n + j$ written in.\r\n\r\nBobo is going to perform $q$ transformations successively.\r\nThe transformations are of $2$ kinds. \r\nThe $i$-th transformation is of $t_i$-th kind, and it's described by $3$ parameters $l_i, r_i, d_i$.\r\n\r\nIf $t_i = 1$, the number in cell $(x, (y + d_i) \\bmod n)$ where $l_i \\leq x \\leq r_i, 0 \\leq y < n$ will be transferred to the cell $(x, y)$ by the transformation. \r\n\r\nIf $t_i = 2$, the number in cell $((x + d_i) \\bmod n, y)$ where $0 \\leq x < n, l_i \\leq y \\leq r_i$ will be transferred to the cell $(x, y)$ by the transformation. \r\n\r\nNote that $a \\bmod b$ means the remainder of $a$ after division by $b$.\r\n\r\nBobo would like to know the final configuration of the matrix.","authorLogin":"ftiasch","language":"english","timeLimit":1000,"output":"$n$ lines. The $i$-th line contains $n$ integers $a_{i, 0}, a_{i, 1}, \\dots, a_{i, n - 1}$ which denotes the final number in cell $(i, j)$.","inputFile":"stdin","outputFile":"stdout","input":"The first line contains $2$ integers $n, q$ ($1 \\leq n \\leq 200, 1 \\leq q \\leq 10^5$). \r\n\r\nThe $i$-th of the following $q$ lines contains $4$ integers $t_i, l_i, r_i, d_i$ ($t_i \\in \\{1, 2\\}, 0 \\leq l_i \\leq r_i < n, 0 \\leq d_i < n$). ","authorName":"Xiaoxu Guo","sampleTests":[{"output":"0 5 2\r\n4 7 3\r\n6 1 8\r\n","input":"3 2\r\n1 1 1 1\r\n2 1 1 1\r\n"},{"output":"1 2 0\r\n4 5 3\r\n7 8 6\r\n","input":"3 1\r\n1 0 2 1\r\n"}],"name":"Matrix Transformation","interaction":null,"memoryLimit":1073741824,"tutorial":""}