{"scoring":null,"notes":"","legend":"In ICPCCamp, there are $n$ cities and $(n - 1)$ (bidirectional) roads between cities.\r\nThe $i$-th road is between the $a_i$-th and $b_i$-th cities.\r\nIt is guaranteed that cities are connected.\r\n\r\nRecently, there are $2 \\times c_i - 1$ new roads built between the $a_i$-th and $b_i$-th cities.\r\nBobo soon comes up with an idea to travel around the world! \r\nHe plans to start in city $1$ and returns to city $1$ after traveling along every road exactly once.\r\n\r\nIt is clear that Bobo has many plans to choose from.\r\nHe would like to find out the number of different plans, modulo $(10^9+7)$.\r\n\r\nNote that two plans $A$ and $B$ are considered different only if there exists an $i$ where the $i$-th traveled road in plan $A$ is different from the $i$-th road in plan $B$.\r\n","authorLogin":"ftiasch","language":"english","timeLimit":1000,"output":"An integer denotes the number of plans modulo $(10^9+7)$.","inputFile":"stdin","outputFile":"stdout","input":"The first line contains an integer $n$ ($2 \\leq n \\leq 10^5$). \r\n\r\nThe $i$-th of the following $(n - 1)$ lines contains $3$ integers $a_i, b_i, c_i$ ($1 \\leq a_i, b_i \\leq n, c_i \\geq 1, c_1 + c_2 + \\dots + c_{n - 1} \\leq 10^6$). ","authorName":"Xiaoxu Guo","sampleTests":[{"output":"4\r\n","input":"3\r\n1 2 1\r\n2 3 1\r\n"},{"output":"144\r\n","input":"3\r\n1 2 1\r\n1 3 2\r\n"}],"name":"Around the World","interaction":null,"memoryLimit":1073741824,"tutorial":""}